{"train_loss": 0.19784875214099884, "_timestamp": 1709477142.77582, "_runtime": 373.75722002983093, "_step": 610, "test_loss": 0.2545433517456055}