{"train_loss": 0.0003533044655341655, "_timestamp": 1709479187.877027, "_runtime": 1998.7602310180664, "_step": 3131, "test_loss": 0.03983329601287842}