{"train_loss": 2.3170337677001953, "_timestamp": 1709473400.139978, "_runtime": 115.50111603736877, "_step": 189, "test_loss": 2.312601123046875, "_wandb": {"runtime": 112}}